{"cameraMode":{"drawMode":0,"name":"Shaded","section":"Shading Mode"},"sceneLighting":true,"audioPlay":false,"sceneViewState":{"m_AlwaysRefresh":false,"showFog":true,"showSkybox":true,"showFlares":true,"showImageEffects":true,"showParticleSystems":true,"showVisualEffectGraphs":true,"m_FxEnabled":true},"in2DMode":false,"pivot":{"x":309.4952392578125,"y":139.8561248779297,"z":54.44375228881836},"rotation":{"x":0.1870127022266388,"y":-0.14510302245616914,"z":0.028085928410291673,"w":0.9714211821556091},"size":259.90106201171877,"orthographic":true}